code,person,sum,affil
11650108,바른정당/부산 금정구|국회의원|김세연,4440000,국회
11650108,산업통상자원부(주)강원랜드|대표이사|함승희,3072000,정부
11650108,국민안전처|차관|이성호,2525000,정부
11650108,전라남도|정무부지사|우기종,2324660,정부
11650108,보건복지부한국의료분쟁조정중재원|원장|박국수,2320746,정부
11650108,대검찰청대구지방검찰청|검사장|전현준,2244000,정부
11650108,감사원|감사위원|이준호,1768000,정부
11650108,광주광역시북구|구청장|송광운,1506454,정부
11650108,자유한국당/충북 청주시상당구|국회의원|정우택,1376000,국회
11650108,대전지방법원|법원장|안철상,1370000,법원
11650108,자유한국당/경북 안동시|국회의원|김광림,1320000,국회
11650108,서울고등법원|부장판사|고의영,1300000,법원
11650108,보건복지부질병관리본부|본부장|정기석,1250000,정부
11650108,법원행정처|前법원행정처차장|임종헌,1200000,법원
11650108,대검찰청서울중앙지방검찰청|제1차장검사|노승권,1168000,정부
11650108,대검찰청제주지방검찰청|검사장|이석환,1152000,정부
11650108,더불어민주당/비례대표|국회의원|박경미,1104000,국회
11650108,서울고등법원|부장판사|김흥준,1104000,법원
11650108,자유한국당/경남 산청군함양군거창군합천군|국회의원|강석진,1096971,국회
11650108,법무부|차관|이창재,1080000,정부
11650108,국민의당/비례대표|국회의원|김삼화,1064000,국회
11650108,법무부사법연수원|부원장|조은석,1062560,정부
11650108,방송통신위원회|사무처장|정종기,1050000,정부
11650108,대법원|대법관|권순일,1048000,법원
11650108,서울특별시의회|의원|이상묵,1033162,정부
11650108,중소기업청한국벤처투자(주)|사장|조강래,1030000,정부
11650108,감사원|사무총장|이완수,1024000,정부
11650108,서울고등법원|부장판사|민중기,1016000,법원
11650108,국민의당/비례대표|국회의원|박주현,1000000,국회
11650108,방송통신위원회한국교육방송공사|사장|우종범,1000000,정부
11650108,서울가정법원|법원장|성백현,1000000,법원
11650108,서울고등법원|부장판사|윤준,1000000,법원
11650108,서울고등법원|부장판사|김대웅,984000,법원
11650108,서울고등법원|부장판사|김우진,984000,법원
11650108,서울고등법원|부장판사|박형남,984000,법원
11650108,서울고등법원|부장판사|이상주,984000,법원
11650108,서울행정법원|법원장|황병하,968000,법원
11650108,서울고등법원|부장판사|이원형,967000,법원
11650108,자유한국당/경북 경산시|국회의원|최경환,952000,국회
11650108,기획재정부한국조폐공사|상임감사|안광복,952000,정부
11650108,해양수산부한국해양과학기술원|원장|홍기훈,952000,정부
11650108,대검찰청대구고등검찰청|검사장|윤갑근,950000,정부
11650108,서울고등법원|부장판사|김시철,944000,법원
11650108,대검찰청|공판송무부장|김해수,920000,정부
11650108,서울중앙지방법원|법원장|강형주,912000,법원
11650108,바른정당/경남 진주시을|국회의원|김재경,900000,국회
11650108,방송통신위원회한국방송광고진흥공사|사장|곽성문,880000,정부
11650108,전라남도여수시|시장|주철현,855948,정부
11650108,자유한국당/비례대표|국회의원|강효상,832000,국회
11650108,대법원|대법관|김재형,824000,법원
11650108,서울고등법원|부장판사|조해현,820000,법원
11650108,경기도남양주시|시장|이석우,809159,정부
11650108,서울고등법원|부장판사|허부열,800000,법원
11650108,외교부|다자외교조정관|최종문,800000,정부
11650108,대통령비서실|산업통상자원비서관|박원주,794000,정부
11650108,국토교통부|교통물류실장|이승호,790000,정부
11650108,법무부|검찰국장|안태근,788000,정부
11650108,대검찰청서울남부지방검찰청|검사장|김진모,764000,정부
11650108,서울고등법원|부장판사|오석준,755000,법원
11650108,충청북도|행정부지사|고규창,752000,정부
11650108,대통령비서실|국정과제비서관|이련주,750000,정부
11650108,서울고등법원|부장판사|박정화,747000,법원
11650108,교육부진주교육대학교|총장|최문성,724000,정부
11650108,서울고등법원|부장판사|김용대,721633,법원
11650108,국민의당/전북 익산시을|국회의원|조배숙,714000,국회
11650108,서울고등법원|부장판사|박영재,700000,법원
11650108,공정거래위원회|상임위원|신동권,699700,정부
11650108,경상북도|경제부지사|정병윤,688000,정부
11650108,고용노동부학교법인한국기술교육대학교|총장|김기영,688000,정부
11650108,대법원|선임재판연구관|마용주,688000,법원
11650108,금융위원회|사무처장|김용범,685000,정부
11650108,서울고등법원|부장판사|여미숙,682000,법원
11650108,대통령비서실|대변인|정연국,680000,정부
11650108,교육부한국장학재단|이사장|안양옥,675000,정부
11650108,서울특별시의회|의원|김동승,669000,정부
11650108,감사원|감사위원|김상규,668000,정부
11650108,중소기업청신용보증재단중앙회|회장|김순철,656000,정부
11650108,대통령비서실|경제수석비서관|강석훈,650000,정부
11650108,국토교통부|주택토지실장|박선호,647000,정부
11650108,외교통일위원회|수석전문위원|이종후,647000,국회
11650108,원자력안전위원회|위원장|김용환,647000,정부
11650108,헌법재판소|재판관|이정미,647000,헌법재판소
11650108,서울고등법원|부장판사|조경란,619901,법원
11650108,교육부|부총리겸장관|이준식,617760,정부
11650108,대전고등법원|부장판사|이승한,603000,법원
11650108,대검찰청부산고등검찰청|검사장|문무일,550000,정부
11650108,서울특별시의회|의원|이병해,544000,정부
11650108,경찰청경찰대학|학장|서범수,520000,정부
11650108,국토교통부교통안전공단|이사장|오영태,512000,정부
11650108,교육부충남대학교|총장|오덕성,506000,정부
11650108,서울고등법원|부장판사|이재영,472000,법원
11650108,자유한국당/대구 동구갑|국회의원|정종섭,350573,국회
11650108,사법정책연구원|연구원장|호문혁,328099,법원
11650108,교육부부산대학교|부총장|주철안,313000,정부
11650108,서울특별시의회|의원|김용석_,300000,정부
11650108,교육부부산대학교|부총장|오석근,289575,정부
11650108,고용노동부|고용정책실장|문기섭,289560,정부
11650108,전라남도순천시|시장|조충훈,247500,정부
11650108,국세청중부지방국세청|청장|심달훈,229880,정부
11650108,국민의당/광주 서구을|국회의원|천정배,210455,국회
11650108,통일부통일교육원|원장|이금순,202395,정부
11650108,국방부|-|박종진,200000,정부
11650108,대통령비서실|뉴미디어정책비서관|최형우,200000,정부
11650108,충청북도충주시|시장|조길형,200000,정부
11650108,산업통상자원부한국전력공사|사장|조환익,196673,정부
11650108,대전광역시|국제관계대사|설경훈,191000,정부
11650108,미래창조과학부울산과학기술원|총장|정무영,183333,정부
11650108,기획재정부한국조폐공사|사장|김화동,174000,정부
11650108,외교부|아프가니스탄.파키스탄특별대표|최홍기,168080,정부
11650108,금융위원회한국산업은행|회장|이동걸,165400,정부
11650108,교육부경상대학교|총장|이상경,120000,정부
11650108,국민의당/전남 나주시화순군|국회의원|손금주,50000,국회
11650108,더불어민주당/서울 강남구을|국회의원|전현희,43360,국회
11650108,제주특별자치도의회|의원|김영보,40759,정부
11650108,외교부|대사|박효성,22000,정부
11650108,산업통상자원부한국가스공사|사장|이승훈,10104,정부
11650108,대통령비서실|해양수산비서관|지희진,6000,정부
11680106,경찰청|치안감|최현락,2885552,정부
11680106,특허법원|법원장|이대경,2600000,법원
11680106,인사혁신처|처장|김동극,2181849,정부
11680106,서울고등법원|부장판사|김용대,2144000,법원
11680106,기획재정부|세제실장|최영록,1835000,정부
11680106,교육부한국체육대학교|총장|김성조,1780000,정부
11680106,더불어민주당/경기 성남시분당구갑|국회의원|김병관,1700000,국회
11680106,법원행정처|사법지원실장|홍승면,1640000,법원
11680106,수원지방법원안산지원|원로법관|조병현,1616000,법원
11680106,서울고등법원|부장판사|배광국,1588464,법원
11680106,국민권익위원회|위원장|성영훈,1584000,정부
11680106,고용노동부|고용정책실장|문기섭,1536000,정부
11680106,서울고등법원|부장판사|윤준,1536000,법원
11680106,대검찰청광주고등검찰청|검사장|오세인,1514000,정부
11680106,국세청|청장|임환수,1425000,정부
11680106,더불어민주당/서울 용산구|국회의원|진영,1416000,국회
11680106,충청북도의회|의장|김양희,1400000,정부
11680106,서울고등법원|부장판사|서태환,1384000,법원
11680106,국가인권위원회|위원장|이성호,1336000,정부
11680106,서울고등법원|부장판사|최상열,1320000,법원
11680106,자유한국당/경북 영주시문경시예천군|국회의원|최교일,1256000,국회
11680106,대통령비서실|기후환경비서관|이찬희,1166856,정부
11680106,헌법재판소|재판관|안창호,1152000,헌법재판소
11680106,서울고등법원|수석부장판사|성낙송,1136980,법원
11680106,인사혁신처소청심사위원회|상임위원|오동호,1112000,정부
11680106,대검찰청|검찰총장|김수남,1104000,정부
11680106,헌법재판소|사무처장|김용헌,1104000,헌법재판소
11680106,더불어민주당/서울 강남구을|국회의원|전현희,1100000,국회
11680106,기획재정부|제2차관|송언석,1088000,정부
11680106,서울특별시의회|의원|이석주,1088000,정부
11680106,서울고등법원|부장판사|강승준,1080000,법원
11680106,자유한국당/강원 춘천시|국회의원|김진태,1072000,국회
11680106,행정자치부|장관|홍윤식,1048000,정부
11680106,국가정보원|제2차장|최윤수,1040000,정부
11680106,미래창조과학부한국지질자원연구원|원장|신중호,992000,정부
11680106,광주지방법원|법원장|김광태,968000,법원
11680106,보건복지부건강보험심사평가원|원장|손명세,968000,정부
11680106,산업통상자원부한국가스안전공사|대표이사|박기동,967500,정부
11680106,법무부|교정본부장|김학성,950000,정부
11680106,대전고등법원|부장판사|차문호,930000,법원
11680106,경상남도진주시|시장|이창희,920000,정부
11680106,대검찰청|감찰부장|정병하,900000,정부
11680106,헌법재판소|헌법재판연구원장|전광석,896000,헌법재판소
11680106,경상북도포항시|시장|이강덕,880000,정부
11680106,대통령비서실|국토교통비서관|이원재,830000,정부
11680106,문화체육관광부2018평창동계올림픽조|원회직위기획조정실장|김기홍,823999,정부
11680106,국무조정실한국조세재정연구원|원장|박형수,770000,정부
11680106,방송통신위원회|사무처장|정종기,770000,정부
11680106,서울고등법원|부장판사|배준현,760000,법원
11680106,자유한국당/충남 서산시태안군|국회의원|성일종,750000,국회
11680106,법원행정처|사법정책실장|심준보,750000,법원
11680106,병무청|차장|이상진,750000,정부
11680106,더불어민주당/경기 남양주시갑|국회의원|조응천,743000,국회
11680106,행정중심복합도시건설청|차장|안시권,730000,정부
11680106,교육부국가평생교육진흥원|원장|기영화,727000,정부
11680106,헌법재판소|재판관|이정미,700000,헌법재판소
11680106,국민권익위원회|상임위원|소기홍,685000,정부
11680106,정보위원회|수석전문위원|임진대,679000,국회
11680106,대통령비서실|춘추관장|육동인,677000,정부
11680106,국민의당/전남 해남군완도군진도군|국회의원|윤영일,672000,국회
11680106,금융위원회|상임위원|손병두,640000,정부
11680106,더불어민주당/경기 군포시갑|국회의원|김정우,610000,국회
11680106,한국은행금융통화위원회|위원|고승범,600000,정부
11680106,대통령비서실|기획비서관|최재영,570000,정부
11680106,더불어민주당/서울 중구성동구갑|국회의원|홍익표,550000,국회
11680106,금융위원회금융감독원|부원장보|박희춘,482332,정부
11680106,서울가정법원|법원장|성백현,469831,법원
11680106,서울중앙지방법원|민사제2수석부장판사|김형두,420000,법원
11680106,국토교통부주택도시보증공사|상임감사위원|조재훈,385000,정부
11680106,환경부|환경정책실장|이민호,380000,정부
11680106,대통령비서실|여성가족비서관|김종숙,310000,정부
11680106,서울고등법원|부장판사|윤종구,280000,법원
11680106,미래창조과학부과학기술연합대학원대학교|총장|문길주,277293,정부
11680106,대통령비서실|교육비서관|김관복,265000,정부
11680106,경상북도문경시|시장|고윤환,251796,정부
11680106,서울고등법원|부장판사|김시철,201359,법원
11680106,자유한국당/강원 태백시횡성군영월군평창군정선군|국회의원|염동열,100000,국회
11680106,보건복지부한국의료분쟁조정중재원|원장|박국수,84000,정부
11680106,식품의약품안전처식품의약품안전평가원|원장|손여원,30580,정부
11680106,기획재정부|기획조정실장|고형권,20000,정부
11680106,서울특별시강남구|구청장|신연희,5000,정부
11650107,특허법원|부장판사|오영준,2394000,법원
11650107,대검찰청|공안부장|정점식,2250000,정부
11650107,한국은행금융통화위원회|위원|조동철,2156000,정부
11650107,바른정당/서울 서초구갑|국회의원|이혜훈,2100000,국회
11650107,더불어민주당/대전 서구갑|국회의원|박병석,2088000,국회
11650107,서울고등법원|부장판사|김우진,1950000,법원
11650107,바른정당/대구 수성구을|국회의원|주호영,1910000,국회
11650107,국토교통부한국철도공사|사장|홍순만,1843900,정부
11650107,방송통신위원회|부위원장|김재홍,1832000,정부
11650107,자유한국당/비례대표|국회의원|김성태_,1806000,국회
11650107,대법원|前대법관|이상훈,1768000,법원
11650107,미래창조과학부기초과학연구원|원장|김두철,1683500,정부
11650107,전라남도의회|의원|조상래,1568000,정부
11650107,서울고등법원|부장판사|서경환,1552000,법원
11650107,대검찰청울산지방검찰청|검사장|한찬식,1448000,정부
11650107,부산광역시|국제관계대사|홍성화,1448000,정부
11650107,외교부|기후변화대사|김찬우,1448000,정부
11650107,자유한국당/부산 부산진구을|국회의원|이헌승,1446000,국회
11650107,수원지방법원|법원장|이종석,1416750,법원
11650107,대검찰청수원지방검찰청|검사장|신유철,1416000,정부
11650107,서울고등법원|부장판사|권기훈,1353752,법원
11650107,바른정당/울산 울주군|국회의원|강길부,1350000,국회
11650107,서울고등법원|부장판사|배형원,1350000,법원
11650107,서울고등법원|부장판사|조경란,1168000,법원
11650107,대검찰청|차장검사|김주현,1110000,정부
11650107,사법연수원|교수(고등법원부장판사)|선재성,1109777,법원
11650107,자유한국당/인천 연수구을|국회의원|민경욱,1109000,국회
11650107,서울특별시의회|의원|김진영,1109000,정부
11650107,환경부|차관|이정섭,1096000,정부
11650107,국방부|-|엄기학,1080000,정부
11650107,대전고등법원|부장판사|윤승은,1000000,법원
11650107,국민의당/전남 여수시갑|국회의원|이용주,970000,국회
11650107,대법원|대법관|박병대,960000,법원
11650107,교육부|대학정책실장|배성근,948000,정부
11650107,법무부법무연수원|원장|김희관,944000,정부
11650107,대통령비서실|대변인|정연국,936000,정부
11650107,서울중앙지방법원|원로법관|성기문,912000,법원
11650107,행정자치부|창조정부조직실장|윤종인,912000,정부
11650107,대통령비서실|산업통상자원비서관|박원주,864000,정부
11650107,보건복지부국립보건연구원|원장|박도준,864000,정부
11650107,헌법재판소|사무차장|김헌정,810000,헌법재판소
11650107,대검찰청서울고등검찰청|차장검사|차경환,760000,정부
11650107,산업통상자원부한국전력공사|사장|조환익,751000,정부
11650107,법무부|범죄정책예방국장|이상호,700000,정부
11650107,행정자치부국립과학수사연구원|원장|최영식,686000,정부
11650107,경상남도의회|의원|제정훈,680000,정부
11650107,대검찰청창원지방검찰청|검사장|유상범,677440,정부
11650107,국토교통부|교통물류실장|이승호,660000,정부
11650107,서울가정법원|수석부장판사|이은애,640000,법원
11650107,사법연수원|수석교수|유상재,635000,법원
11650107,더불어민주당/경기 군포시갑|국회의원|김정우,616000,국회
11650107,국토교통부한국토지주택공사|상임감사위원|허종덕,593000,정부
11650107,감사원|감사위원|이준호,588000,정부
11650107,대통령비서실|홍보기획비서관|천영식,580000,정부
11650107,기획재정부|민관합동창조경제추진단장|조봉환,570000,정부
11650107,보건복지부국민연금공단|이사장|문형표,520000,정부
11650107,서울고등법원|부장판사|김주현,486500,법원
11650107,서울고등법원|부장판사|민유숙,479000,법원
11650107,대검찰청서울동부지방검찰청|검사장|봉욱,440000,정부
11650107,더불어민주당/비례대표|국회의원|최운열,432000,국회
11650107,국무조정실|국무2차장|노형욱,383000,정부
11650107,광주고등법원|법원장|유남석,362000,법원
11650107,경상남도의회|의원|서종길,350000,정부
11650107,대검찰청대전고등검찰청|차장검사|김기동,350000,정부
11650107,대통령비서실|해양수산비서관|지희진,320000,정부
11650107,서울특별시의회|의원|이종필,300000,정부
11650107,통일부통일교육원|원장|이금순,293395,정부
11650107,국방부|-|이건완,90000,정부
11650107,미래창조과학부우정사업본부|본부장|김기덕,50000,정부
11650107,서울특별시의회|부의장|김진수,13370,정부
11650107,경상북도의회|의원|윤종도,10000,정부
11650101,충청남도공주시|시장|오시덕,3881656,정부
11650101,외교부|의전비서관|윤여철,2300000,정부
11650101,서울특별시서초구|구청장|조은희,2245000,정부
11650101,금융위원회|부위원장|정은보,2240000,정부
11650101,경기도의회|의원|공영애,2182000,정부
11650101,수원지방법원성남지원|원로법관|심상철,1826435,법원
11650101,서울고등법원|부장판사|김종호,1550000,법원
11650101,자유한국당/부산 남구갑|국회의원|김정훈,1344000,국회
11650101,자유한국당/경북 영주시문경시예천군|국회의원|최교일,1300000,국회
11650101,국민의당/전남 여수시갑|국회의원|이용주,1294000,국회
11650101,충청남도부여군|군수|이용우,1293000,정부
11650101,바른정당/경남 통영시고성군|국회의원|이군현,1231998,국회
11650101,보건복지부|차관|방문규,1037620,정부
11650101,기획재정부|제2차관|송언석,1023000,정부
11650101,서울특별시의회|의원|이숙자,966000,정부
11650101,더불어민주당/비례대표|국회의원|최운열,928000,국회
11650101,법무부한국법무보호복지공단|이사장|구본민,922500,정부
11650101,고용노동부|기획조정실장|박종길,900000,정부
11650101,미래창조과학부|장관|최양희,880000,정부
11650101,서울특별시의회|의원|신언근,864000,정부
11650101,서울북부지방법원|법원장|노태악,808000,법원
11650101,환경부한국환경공단|이사장|전병성,805292,정부
11650101,방송통신위원회|부위원장|김재홍,784000,정부
11650101,광주고등법원|부장판사|구회근,772000,법원
11650101,대법원|前대법관|이상훈,746000,법원
11650101,국토교통부|기획조정실장|손병석,739000,정부
11650101,조달청|청장|정양호,725000,정부
11650101,문화체육관광부국제방송교류재단|사장|문재완,723000,정부
11650101,대통령비서실|경제수석비서관|강석훈,720000,정부
11650101,서울서부지방법원|법원장|이태종,665000,법원
11650101,자유한국당/충북 제천시단양군|국회의원|권석창,637000,국회
11650101,자유한국당/충북 증평군진천군음성군|국회의원|경대수,615000,국회
11650101,서울중앙지방법원|원로법관|강영호,612000,법원
11650101,수원지방법원|법원장|이종석,600000,법원
11650101,해양수산부여수광양항만공사|사장|선원표,599000,정부
11650101,대구고등법원|수석부장판사|진성철,591000,법원
11650101,미래창조과학부대구경북과학기술원|총장|신성철,578000,정부
11650101,교육부국가평생교육진흥원|원장|기영화,505000,정부
11650101,교육부한경대학교|총장|태범석,450000,정부
11650101,국민의당/비례대표|국회의원|신용현,430000,국회
11650101,국민의당/비례대표|국회의원|박주현,400000,국회
11650101,미래창조과학부한국건설기술연구원|원장|이태식,336000,정부
11650101,대검찰청서울고등검찰청|검사장|박성재,330000,정부
11650101,바른정당/서울 서초구을|국회의원|박성중,300000,국회
11650101,강원도영월군|군수|박선규,200000,정부
11650101,국무조정실대테러센터|센터장|문영기,200000,정부
11650101,대전광역시|국제관계대사|설경훈,169000,정부
11650101,서울고등법원|부장판사|배준현,85000,법원
11650101,전라남도장흥군|군수|김성,58956,정부
11650106,대검찰청전주지방검찰청|검사장|장호중,2331928,정부
11650106,대통령비서실|법무비서관|최철환,2100000,정부
11650106,자유한국당/대구 동구갑|국회의원|정종섭,1989000,국회
11650106,자유한국당/대구 북구갑|국회의원|정태옥,1640000,국회
11650106,대통령비서실|교육문화수석비서관|김용승,1632453,정부
11650106,고용노동부학교법인한국폴리텍|이사장|이우영,1343000,정부
11650106,서울특별시서울시립대학교|총장|원윤희,1315850,정부
11650106,산업통상자원부한국가스공사|관리부사장|안완기,1137680,정부
11650106,서울중앙지방법원|원로법관|조용구,1008000,법원
11650106,서울특별시중구|구청장|최창식,1008000,정부
11650106,외교부|외교비서관|이도훈,1000000,정부
11650106,교육부한국학중앙연구원|원장|이기동,984000,정부
11650106,국무조정실|대통령권한대행국무총리|황교안,984000,정부
11650106,미래창조과학부한국연구재단|이사장|조무제,968000,정부
11650106,대구광역시대구경북경제자유구역청|청장|도건우,952000,정부
11650106,헌법재판소|재판관|강일원,944000,헌법재판소
11650106,서울고등법원|부장판사|김주현,928000,법원
11650106,서울고등법원|부장판사|이강원,928000,법원
11650106,경상북도의회|의원|배진석,900000,정부
11650106,울산광역시|시장|김기현,840000,정부
11650106,산업통상자원부한국지역난방공사|사장|김경원,832000,정부
11650106,보건복지부국립보건연구원|원장|박도준,807000,정부
11650106,교육부한국복지대학교|총장|이상진,737000,정부
11650106,감사원|감사위원|이준호,700000,정부
11650106,법원행정처|기획조정실장|이민걸,690000,법원
11650106,국가인권위원회|상임위원|정상환,687000,정부
11650106,전라남도|도지사|이낙연,672000,정부
11650106,자유한국당/부산 해운대구을|국회의원|배덕광,661000,국회
11650106,제주특별자치도|행정부지사|전성태,650000,정부
11650106,공정거래위원회|사무처장|신영선,648000,정부
11650106,전라북도|도지사|송하진,647000,정부
11650106,식품의약품안전처식품의약품안전평가원|원장|손여원,640000,정부
11650106,더불어민주당/경기 광명시을|국회의원|이언주,639000,국회
11650106,서울고등법원|부장판사|김상환,636000,법원
11650106,행정자치부|창조정부조직실장|윤종인,626000,정부
11650106,자유한국당/경남 진주시갑|국회의원|박대출,582000,국회
11650106,기획재정부한국투자공사|사장|은성수,582000,정부
11650106,통계청|청장|유경준,580000,정부
11650106,대검찰청인천지방검찰청|검사장|이금로,520000,정부
11650106,서울고등법원|부장판사|배형원,500000,법원
11650106,부산광역시|시장|서병수,450000,정부
11650106,경상북도의회|의원|박영서,443000,정부
11650106,경기도여주시|시장|원경희,439000,정부
11650106,환경부국립공원관리공단|이사장|박보환,300000,정부
11650106,국민권익위원회|상임위원|김대희,280000,정부
11650106,자유한국당/비례대표|국회의원|김현아,247222,국회
11650106,여성가족부|차관|권용현,115008,정부
11650106,충청북도|행정부지사|고규창,40000,정부
11710101,해양수산부수산업협동조합중앙회|감사|서정욱,2450240,정부
11710101,경상남도|도지사|홍준표,1992000,정부
11710101,감사원|제2사무차장|신민철,1512000,정부
11710101,한국은행|감사|하성,1480000,정부
11710101,자유한국당/충북 보은군옥천군영동군괴산군|국회의원|박덕흠,1274962,국회
11710101,부산고등법원|법원장|황한식,1208000,법원
11710101,서울특별시의회|의원|최호정,1182500,정부
11710101,금융위원회한국산업은행|회장|이동걸,1176000,정부
11710101,국토교통부|제1차관|김경환,1072000,정부
11710101,대전고등법원|부장판사|이승한,1000000,법원
11710101,충청북도청주시|시장|이승훈,976000,정부
11710101,금융위원회금융감독원|부원장보|박희춘,968000,정부
11710101,교육부한국방송통신대학교|부총장|김외숙,936000,정부
11710101,산업통상자원부|제2차관|우태희,925000,정부
11710101,전라남도보성군|군수|이용부,912000,정부
11710101,경찰청도로교통공단|이사장|신용선,850000,정부
11710101,해양수산부국립수산과학원|원장|강준석,838000,정부
11710101,더불어민주당/서울 강서구갑|국회의원|금태섭,832000,국회
11710101,서울특별시의회|의원|강성언,832000,정부
11710101,문화체육관광부아시아문화원|원장|김병석,830000,정부
11710101,대통령비서실|미래전략수석비서관|현대원,824000,정부
11710101,서울특별시|행정1부시장|류경기,824000,정부
11710101,방송통신위원회|상임위원|이기주,820000,정부
11710101,서울특별시의회|의원|진두생,770000,정부
11710101,경찰청인천지방경찰청|청장|박경민,763000,정부
11710101,서울고등법원|부장판사|김승표,719000,법원
11710101,대검찰청광주지방검찰청|검사장|김회재,718000,정부
11710101,경상남도의회|의원|권유관,689000,정부
11710101,국민의당/전남 여수시을|국회의원|주승용,689000,국회
11710101,국방부|-|이종섭,682000,정부
11710101,서울특별시의회|의원|우창윤,680000,정부
11710101,대통령비서실|인사혁신비서관|윤종진,668000,정부
11710101,인천지방법원|법원장|김인욱,618000,법원
11710101,국토교통부|제2차관|최정호,580000,정부
11710101,서울고등법원|부장판사|최규홍,530000,법원
11710101,서울중앙지방법원|민사제2수석부장판사|김형두,500000,법원
11710101,더불어민주당/서울 송파구을|국회의원|최명길,400000,국회
11710101,서울고등법원|부장판사|함상훈,400000,법원
11710101,서울특별시의회|의원|강감창,380000,정부
11710101,통계청|차장|정규남,300000,정부
11710101,국회사무처|국회사무총장|우윤근,280015,국회
11710101,교육부한국체육대학교|총장|김성조,250000,정부
11710101,서울특별시의회|의원|김태수,230000,정부
11710101,강원도인제군|군수|이순선,170000,정부
11710101,자유한국당/경남 양산시갑|국회의원|윤영석,150000,국회
11710101,경찰청대구지방경찰청|청장|김상운,101389,정부
11710101,서울특별시의회|의원|최조웅,48600,정부
11710101,보건복지부한국장애인개발원|원장|황화성,25000,정부
11680103,서울고등법원|법원장|최완주,2180000,법원
11680103,외교부주콩고민주공화국대한민국대사관|특명전권대사|권기창,1810000,정부
11680103,대통령비서실|교육비서관|김관복,1747100,정부
11680103,전라북도|행정부지사|김일재,1660000,정부
11680103,특허법원|수석부장판사|김환수,1450000,법원
11680103,바른정당/전북 전주시을|국회의원|정운천,1200000,국회
11680103,바른정당/강원 강릉시|국회의원|권성동,1151250,국회
11680103,헌법재판소|재판관|서기석,1056000,헌법재판소
11680103,국민안전처|특수재난실장|김경수,1040000,정부
11680103,국회사무처|국회사무총장|우윤근,1000000,국회
11680103,법원공무원교육원|교육원장|구연모,980000,법원
11680103,서울고등법원|부장판사|이승련,968000,법원
11680103,바른정당/대구 동구을|국회의원|유승민,936000,국회
11680103,서울가정법원|법원장|성백현,936000,법원
11680103,법원행정처|법원행정처장(대법관)|고영한,904000,법원
11680103,서울특별시의회|의원|김현기,900000,정부
11680103,자유한국당/경남 양산시갑|국회의원|윤영석,850000,국회
11680103,자유한국당/인천 남구을|국회의원|윤상현,840000,국회
11680103,서울고등법원|부장판사|문용선,840000,법원
11680103,산업통상자원부|장관|주형환,808000,정부
11680103,기획재정부|세제실장|최영록,800000,정부
11680103,대검찰청울산지방검찰청|검사장|한찬식,730000,정부
11680103,교육부한국체육대학교|총장|김성조,725400,정부
11680103,행정자치부지방행정연수원|원장|주낙영,695000,정부
11680103,행정중심복합도시건설청|차장|안시권,647000,정부
11680103,교육부국사편찬위원회|위원장|김정배,630000,정부
11680103,교육부강원대학교|총장|김헌영,613000,정부
11680103,자유한국당/경남 창원시진해구|국회의원|김성찬,613000,국회
11680103,자유한국당/충북 충주시|국회의원|이종배,605000,국회
11680103,경상북도포항시|시장|이강덕,604000,정부
11680103,국토교통부중앙토지수용위원회|상임위원|김재정,561000,정부
11680103,보건복지부한국보건복지인력개발원|원장|최영현,519000,정부
11680103,서울고등법원|부장판사|허부열,486000,법원
11680103,대통령비서실|기획비서관|최재영,480000,정부
11680103,서울중앙지방법원|민사제1수석부장판사|김정만,450000,법원
11680103,자유한국당/비례대표|국회의원|강효상,440000,국회
11680103,보건복지부|기획조정실장|권덕철,329000,정부
11680103,대통령비서실|여성가족비서관|김종숙,266000,정부
11680103,대검찰청|형사부장|박균택,200000,정부
11680103,대검찰청부산고등검찰청|검사장|문무일,171247,정부
11680103,자유한국당/경북 영주시문경시예천군|국회의원|최교일,153671,국회
11680118,자유한국당/충남 공주시부여군청양군|국회의원|정진석,2300000,국회
11680118,서울가정법원|법원장|성백현,2206637,법원
11680118,문화체육관광부한국문화예술위원회|위원장|박명진,1648100,정부
11680118,수원지방법원|수석부장판사|한창훈,1648000,법원
11680118,대검찰청대전고등검찰청|검사장|김강욱,1527908,정부
11680118,경상남도|서부부지사|조규일,1400000,정부
11680118,자유한국당/대구 달성군|국회의원|추경호,1380000,국회
11680118,서울특별시의회|의원|성중기,1300000,정부
11680118,무소속/대구 북구을|국회의원|홍의락,1224000,국회
11680118,대법원|대법관|이기택,1160000,법원
11680118,법무부|기획조정실장|권익환,1100000,정부
11680118,충청북도의회|의장|김양희,1072000,정부
11680118,더불어민주당/경기 안산시상록구갑|국회의원|전해철,1056000,국회
11680118,더불어민주당/경기 수원시무|국회의원|김진표,1008000,국회
11680118,자유한국당/부산 서구동구|국회의원|유기준,1000000,국회
11680118,서울고등법원|부장판사|배광국,1000000,법원
11680118,서울고등법원|부장판사|양현주,967808,법원
11680118,부산고등법원|부장판사|권순형,950000,법원
11680118,서울고등법원|부장판사|김필곤,900000,법원
11680118,산업통상자원부|무역투자실장|채희봉,872000,정부
11680118,금융위원회금융정보분석원|원장|유광열,807776,정부
11680118,청주지방법원|법원장|신귀섭,776000,법원
11680118,교육부국립대학법인서울대학교|총장|성낙인,762000,정부
11680118,서울고등법원|부장판사|정선재,760000,법원
11680118,국민의당/전북 전주시병|국회의원|정동영,728000,국회
11680118,서울고등법원|수석부장판사|성낙송,694000,법원
11680118,농림축산식품부농림수산식품기술기획평가원|원장|오경태,590000,정부
11680118,더불어민주당/경기 수원시정|국회의원|박광온,576000,국회
11680118,해양수산부|장관|김영석,573000,정부
11680118,대전고등법원|법원장|지대운,543000,법원
11680118,서울고등법원|부장판사|유해용,543000,법원
11680118,원자력안전위원회|사무처장|최종배,520062,정부
11680118,자유한국당/경남 창원시마산합포구|국회의원|이주영,493000,국회
11680118,관세청|청장|천홍욱,428000,정부
11680118,서울고등법원|부장판사|김용대,421333,법원
11680118,대검찰청춘천지방검찰청|검사장|최종원,400000,정부
11680118,경상북도|행정부지사|김장주,360000,정부
11680118,외교부|의전비서관|윤여철,285000,정부
11680118,국토교통부중앙토지수용위원회|상임위원|김재정,230000,정부
11680118,산업통상자원부(주)강원랜드|대표이사|함승희,200000,정부
11170129,외교부|공공외교대사|조현동,2759000,정부
11170129,자유한국당/경북 영양군영덕군봉화군울진군|국회의원|강석호,2200000,국회
11170129,국가안보실|안보전략비서관|전성훈,1990000,정부
11170129,전라북도고창군|군수|박우정,1376000,정부
11170129,미래창조과학부과학기술연합대학원대학교|총장|문길주,1323000,정부
11170129,보건복지부한국건강증진개발원|원장|정기혜,1227000,정부
11170129,해양수산부선박안전기술공단|이사장|목익수,1100000,정부
11170129,자유한국당/비례대표|국회의원|김종석,1000000,국회
11170129,특허법원|부장판사|박형준,984000,법원
11170129,전라남도순천시|시장|조충훈,850000,정부
11170129,교육부제주대학교|총장|허향진,810000,정부
11170129,국민의당/전북 남원시임실군순창군|국회의원|이용호,810000,국회
11170129,외교부|정책조정비서관|이정규,741000,정부
11170129,교육부국립대학법인인천대학교|총장|조동성,740000,정부
11170129,문화체육관광부한국문화예술교육진흥원|원장|주성혜,729000,정부
11170129,대법원|대법관|박상옥,668000,법원
11170129,경찰청|기획조정관|조현배,654000,정부
11170129,바른정당/울산 울주군|국회의원|강길부,650000,국회
11170129,자유한국당/경북 구미시갑|국회의원|백승주,650000,국회
11170129,국가안보실|제1차장|조태용,617000,정부
11170129,국민의당/전남 고흥군보성군장흥군강진군|국회의원|황주홍,600000,국회
11170129,울산광역시|행정부시장|허언욱,595000,정부
11170129,서울중앙지방법원|형사수석부장판사|신광렬,556000,법원
11170129,공정거래위원회|상임위원|김성하,527000,정부
11170129,교육부한국교원대학교|부총장|주명덕,455000,정부
11170129,국민권익위원회|상임위원|김대희,441000,정부
11170129,서울특별시의회|의원|우미경,400000,정부
11170129,기획재정부|제1차관|최상목,380000,정부
11170129,서울특별시의회|의원|김혜련,360000,정부
11170129,자유한국당/대구 서구|국회의원|김상훈,300000,국회
11170129,대전광역시|시장|권선택,300000,정부
11170129,외교부재외동포재단|이사장|주철기,266000,정부
11170129,국민의당/전남 여수시갑|국회의원|이용주,155000,국회
11170129,바른정당/서울 강서구을|국회의원|김성태,150257,국회
11170129,교육부전남대학교병원|병원장|윤택림,107400,정부
11170129,환경부국립환경과학원|원장|박진원,50000,정부
11170129,산업통상자원부|산업정책실장|강성천,30000,정부
11680101,서울특별시의회|의원|성중기,6896000,정부
11680101,국민의당/비례대표|국회의원|신용현,2600000,국회
11680101,서울고등법원|부장판사|김기정,2096081,법원
11680101,보건복지부국민건강보험공단|이사장|성상철,1740000,정부
11680101,대통령비서실|국정과제비서관|이련주,1720000,정부
11680101,대통령비서실|대변인|정연국,1343697,정부
11680101,행정자치부이북5도위원회|함경남도지사|김덕순,1298000,정부
11680101,대검찰청부산지방검찰청|검사장|황철규,1120000,정부
11680101,보건복지부질병관리본부|본부장|정기석,1113122,정부
11680101,법원도서관|법원도서관장|강민구,1016000,법원
11680101,대구고등법원|부장판사|성수제,992000,법원
11680101,서울특별시의회|부의장|김진수,888000,정부
11680101,자유한국당/인천 부평구갑|국회의원|정유섭,800000,국회
11680101,더불어민주당/경남 김해시갑|국회의원|민홍철,536090,국회
11680101,서울고등법원|부장판사|민유숙,510094,법원
11680101,법원공무원교육원|교육원장|구연모,500000,법원
11680101,문화체육관광부|종무실장|김재원,380000,정부
11680101,해양수산부국립해양생물자원관|관장|김상진,326377,정부
11680101,행정자치부국가기록원|원장|이상진,300000,정부
11680101,교육부충북대학교병원|병원장|조명찬,253555,정부
11680101,기획재정부한국조폐공사|상임감사|안광복,251081,정부
11680101,수원지방법원성남지원|원로법관|심상철,240000,법원
11680101,해양수산부선박안전기술공단|이사장|목익수,215000,정부
11680101,특허법원|부장판사|오영준,204918,법원
11680101,기상청|청장|고윤화,200451,정부
11680101,문화체육관광부국립국어원|원장|송철의,170619,정부
11680101,보건복지부국립보건연구원|원장|박도준,167700,정부
11680101,고용노동부|고용정책실장|문기섭,147805,정부
11680101,강원도의회|의원|김성근,140000,정부
11680101,금융위원회주택금융공사|사장|김재천,134418,정부
11680101,전라북도|행정부지사|김일재,118125,정부
11680101,서울특별시의회|의원|김혜련,113395,정부
11680101,산업통상자원부|산업기반실장|도경환,100000,정부
11680101,서울고등법원|부장판사|김필곤,50000,법원
11680101,부산광역시의회|의원|오보근,5000,정부
11680105,서울고등법원|부장판사|김동오,6891578,법원
11680105,서울고등법원|부장판사|김우진,3829355,법원
11680105,자유한국당/충북 보은군옥천군영동군괴산군|국회의원|박덕흠,3072000,국회
11680105,-|대통령|박근혜,2710000,정부
11680105,헌법재판소|사무차장|김헌정,2175000,헌법재판소
11680105,한국은행|부총재|장병화,1800000,정부
11680105,경상남도창원시|시장|안상수,1707552,정부
11680105,서울고등법원|부장판사|김대웅,1482000,법원
11680105,바른정당/서울 강남구병|국회의원|이은재,1400000,국회
11680105,부산광역시영도구|구청장|어윤태,1240000,정부
11680105,법무부|법무실장|김호철,1216000,정부
11680105,대구광역시|경제부시장|김연창,1040000,정부
11680105,금융위원회금융감독원|부원장보|박희춘,980000,정부
11680105,서울회생법원|수석부장판사|정준영,976000,법원
11680105,미래창조과학부|장관|최양희,832000,정부
11680105,기획재정부|국제경제관리관|송인창,800000,정부
11680105,행정자치부이북5도위원회|함경북도지사|안충준,790000,정부
11680105,산업통상자원부한국석유공사|사장|김정래,728000,정부
11680105,국가안보실|제1차장|조태용,712320,정부
11680105,자유한국당/경남 창원시마산회원구|국회의원|윤한홍,650000,국회
11680105,서울고등법원|부장판사|이범균,550000,법원
11680105,서울고등법원|고등법원부장판사|배기열,544000,법원
11680105,자유한국당/충남 천안시갑|국회의원|박찬우,508000,국회
11680105,교육부서울교육대학교|총장|김경성,492000,정부
11680105,대검찰청서울중앙지방검찰청|검사장|이영렬,255000,정부
11680105,외교부|정책조정비서관|이정규,166004,정부
11680105,더불어민주당/인천 남동구을|국회의원|윤관석,165110,국회
11680105,서울고등법원|부장판사|고의영,160000,법원
11680105,대구고등법원|부장판사|임상기,125524,법원
11680105,대통령비서실|민정비서관|윤장석,100000,정부
11680105,강원도삼척시|시장|김양호,70000,정부
11680105,전라남도담양군|군수|최형식,30000,정부
11560110,바른정당/부산 중구영도구|국회의원|김무성,1610931,국회
11560110,보건복지부국립암센터|원장|이강현,1531000,정부
11560110,교육부경인교육대학교|총장|이재희,1099000,정부
11560110,자유한국당/경남 창원시마산합포구|국회의원|이주영,1072000,국회
11560110,인천광역시경제자유구역청|청장|이영근,1032000,정부
11560110,고용노동부학교법인한국폴리텍|이사장|이우영,1004000,정부
11560110,자유한국당/경기 의정부시을|국회의원|홍문종,950000,국회
11560110,더불어민주당/서울 영등포구을|국회의원|신경민,808000,국회
11560110,국민의당/전남 목포시|국회의원|박지원,795000,국회
11560110,서울고등법원|부장판사|민유숙,776000,법원
11560110,더불어민주당/충북 청주시청원구|국회의원|변재일,757000,국회
11560110,미래창조과학부|과학기술전략본부장|홍남표,743000,정부
11560110,대검찰청|사무국장|양희천,730000,정부
11560110,국무조정실한국개발연구원|원장|김준경,726550,정부
11560110,금융위원회|위원장|임종룡,699000,정부
11560110,경찰청대구지방경찰청|청장|김상운,667000,정부
11560110,국방부|인사복지실장|황우웅,527000,정부
11560110,대통령비서실|미래전략수석비서관|현대원,450000,정부
11560110,서울특별시교육청|부교육감|박춘란,382000,정부
11560110,국민의당/전북 전주시병|국회의원|정동영,370000,국회
11560110,외교부|공공외교대사|조현동,363000,정부
11560110,더불어민주당/서울 광진구을|국회의원|추미애,145641,국회
11560110,서울고등법원|부장판사|서태환,141547,법원
11560110,전라남도교육청|교육감|장만채,100000,정부
11560110,방송통신심의위원회|위원장|박효종,84167,정부
11560110,자유한국당/대구 달서구병|국회의원|조원진,30000,국회
11560110,감사원|감사위원|이준호,29746,정부
11560110,국민의당/전북 김제시부안군|국회의원|김종회,10000,국회
11560110,자유한국당/경남 밀양시의령군함안군창녕군|국회의원|엄용수,10000,국회
11560110,서울특별시의회|의원|서영진,10000,정부
11560110,국민의당/전북 전주시갑|국회의원|김광수,6000,국회
11680110,서울고등법원|부장판사|최상열,3325000,법원
11680110,국민권익위원회|부위원장|이상민,2350000,정부
11680110,서울고등법원|부장판사|김동오,2100000,법원
11680110,법무부|기획조정실장|권익환,1900000,정부
11680110,자유한국당/충남 공주시부여군청양군|국회의원|정진석,1832000,국회
11680110,바른정당/서울 중구성동구을|국회의원|지상욱,1808000,국회
11680110,금융위원회금융감독원|부원장보|조두영,1781363,정부
11680110,서울고등법원|부장판사|김문석,1776000,법원
11680110,외교부|차관보|김형진,1746000,정부
11680110,특허법원|부장판사|이정석,1640000,법원
11680110,사법정책연구원|수석연구위원|강영수,1632000,법원
11680110,대통령비서실|정보방송통신비서관|석제범,1629000,정부
11680110,교육부서울과학기술대학교|부총장|김연태,1512000,정부
11680110,미래창조과학부한국원자력연구원|원장|김종경,1512000,정부
11680110,한국은행금융통화위원회|위원|고승범,1504082,정부
11680110,자유한국당/충북 증평군진천군음성군|국회의원|경대수,1444000,국회
11680110,국민의당/비례대표|국회의원|오세정,1432000,국회
11680110,전주지방법원|법원장|장석조,1408000,법원
11680110,대검찰청부산고등검찰청|검사장|문무일,1208000,정부
11680110,대통령비서실|대변인|정연국,1208000,정부
11680110,외교부국립외교원|대사|김은석,1184000,정부
11680110,서울특별시의회|사무처장|김경호,950000,정부
11680110,법무부한국법무보호복지공단|이사장|구본민,920076,정부
11680110,미래창조과학부과학기술연합대학원대학교|총장|문길주,920000,정부
11680110,국방부|-|김운용,880000,정부
11680110,식품의약품안전처|처장|손문기,824000,정부
11680110,문화체육관광부영화진흥위원회|위원장|김세훈,792000,정부
11680110,헌법재판소|재판관|강일원,587272,헌법재판소
11680110,대법원|선임재판연구관|마용주,550000,법원
11680110,금융위원회금융감독원|부원장보|박희춘,245441,정부
11470102,바른정당/서울 서초구을|국회의원|박성중,3794119,국회
11470102,자유한국당/비례대표|국회의원|김승희,1291000,국회
11470102,산업통상자원부한국무역보험공사|사장|김영학,1184000,정부
11470102,예산결산특별위원회|수석전문위원|김춘순,900000,국회
11470102,국토교통부한국도로공사|사장|김학송,875000,정부
11470102,바른정당/인천 남구갑|국회의원|홍일표,872000,국회
11470102,식품의약품안전처식품의약품안전평가원|원장|손여원,832000,정부
11470102,더불어민주당/비례대표|국회의원|이철희,820000,국회
11470102,경찰청경찰대학|학장|서범수,793000,정부
11470102,서울특별시의회|의원|김경자,764000,정부
11470102,서울특별시의회|의원|문영민,716000,정부
11470102,국회예산정책처|예산분석실장|조용복,700000,국회
11470102,더불어민주당/경기 안양시만안구|국회의원|이종걸,627000,국회
11470102,경상북도영덕군|군수|이희진,624000,정부
11470102,사법연수원|사법연수원장|최재형,588000,법원
11470102,국민의당/전남 고흥군보성군장흥군강진군|국회의원|황주홍,471000,국회
11470102,더불어민주당/강원 원주시을|국회의원|송기헌,450000,국회
11470102,더불어민주당/경기 의왕시과천시|국회의원|신창현,440000,국회
11470102,보건복지위원회|수석전문위원|김승기,399000,국회
11470102,경찰청|외사국장|이주민,398000,정부
11470102,서울특별시의회|의원|김혜련,389000,정부
11470102,더불어민주당/서울 양천구갑|국회의원|황희,350000,국회
11470102,무소속/울산 중구|국회의원|정갑윤,320000,국회
11470102,국가보훈처|차장|최완근,300000,정부
11470102,경기도의회|의원|김시용,180000,정부
11470102,경상북도의회|의원|장대진,166000,정부
11470102,더불어민주당/부산 연제구|국회의원|김해영,10000,국회
11620102,서울특별시관악구|구청장|유종필,731000,정부
11620102,더불어민주당/세종 세종|국회의원|이해찬,624000,국회
11620102,해양수산부해양수산연수원|원장|서병규,487671,정부
11620102,산업통상자원부대한석탄공사|상임감사|유운영,352000,정부
11620102,바른정당/서울 관악구을|국회의원|오신환,350000,국회
11620102,국방부|-|김황록,323000,정부
11620102,대구광역시의회|의원|박일환,320000,정부
11620102,전라남도|행정부지사|김갑섭,260000,정부
11620102,서울특별시의회|의원|신언근,220000,정부
11620102,문화체육관광부한국문화예술위원회|위원장|박명진,215000,정부
11620102,기획재정부|지역발전기획단장|송병선,213000,정부
11620102,전라북도완주군|군수|박성일,200000,정부
11620102,금융위원회금융감독원|부원장|박세춘,170000,정부
11620102,더불어민주당/비례대표|국회의원|이용득,152000,국회
11620102,인사혁신처소청심사위원회|상임위원|황서종,150000,정부
11620102,제주특별자치도의회|의원|현정화,150000,정부
11620102,서울특별시의회|의원|허기회,65000,정부
11620102,서울특별시교육청|교육감|조희연,60000,정부
11620102,충청남도당진시|시장|김홍장,50000,정부
11620102,경기도의회|의원|김윤진,35000,정부
11620102,더불어민주당/경기 파주시갑|국회의원|윤후덕,29674,국회
11620102,더불어민주당/비례대표|국회의원|김현권,25000,국회
11620102,전라남도의회|의원|강정희,10000,정부
11620102,교육부공주교육대학교|총장|안병근,5000,정부
11620102,더불어민주당/경기 고양시을|국회의원|정재호,5000,국회
11620102,대검찰청대전지방검찰청|검사장|안상돈,5000,정부
11620102,세종특별자치시의회|의원|임상전,1,정부
11710108,인사혁신처|처장|김동극,908200,정부
11710108,국가안보실|사이버안보비서관|이재성,836883,정부
11710108,서울고등법원|부장판사|김용석,775000,법원
11710108,충청북도|정무부지사|설문식,770000,정부
11710108,국민권익위원회|부위원장|박경호,706329,정부
11710108,산업통상자원부한국세라믹기술원|원장|강석중,702000,정부
11710108,미래창조과학부정보통신산업진흥원|원장|윤종록,674000,정부
11710108,헌법재판소|재판관|조용호,658000,헌법재판소
11710108,대통령비서실|고용복지수석비서관|김현숙,644000,정부
11710108,전라북도순창군|군수|황숙주,640000,정부
11710108,산업통상자원부한국전력공사|상임감사위원|이성한,638000,정부
11710108,국방부|-|제갈용준,627946,정부
11710108,경상북도영천시|시장|김영석,616000,정부
11710108,외교부|대사|박효성,601000,정부
11710108,감사원|감사위원|왕정홍,600000,정부
11710108,서울특별시의회|의원|이명희,600000,정부
11710108,산업통상자원부한국중부발전(주)|사장|정창길,591000,정부
11710108,산업통상자원부|에너지자원실장|김학도,543935,정부
11710108,미래창조과학부한국과학기술단체총연합회|사무총장|이은우,523000,정부
11710108,서울특별시의회|의원|진두생,398000,정부
11710108,금융위원회|위원장|임종룡,324000,정부
11710108,경상북도의회|의원|김봉교,289958,정부
11710108,더불어민주당/비례대표|국회의원|이용득,180548,국회
11710108,교육부강릉원주대학교|총장|반선섭,178000,정부
11710108,인천광역시|행정부시장|전성수,171300,정부
11710108,전라남도목포시|시장|박홍률,55198,정부
11620101,해양수산부한국해양과학기술원|원장|홍기훈,2847913,정부
11620101,서울특별시의회|의원|박준희,750000,정부
11620101,국방부|-|엄현성,492000,정부
11620101,서울고등법원|부장판사|이범균,402960,법원
11620101,서울특별시의회|의원|서윤기,391000,정부
11620101,산업통상자원부한국전력공사|해외부사장|유향열,364000,정부
11620101,바른정당/서울 관악구을|국회의원|오신환,335000,국회
11620101,해양수산부해양수산연수원|원장|서병규,334000,정부
11620101,서울특별시의회|의원|이신혜,316000,정부
11620101,경상남도함안군|군수|차정섭,301000,정부
11620101,부산고등법원|부장판사|구남수,300000,법원
11620101,통일부남북회담본부|본부장|한기수,190000,정부
11620101,서울특별시동작구|구청장|이창우,170000,정부
11620101,광주광역시동구|구청장|김성환,160000,정부
11620101,국민의당/서울 관악구갑|국회의원|김성식,110000,국회
11620101,서울특별시의회|의원|오봉수,94000,정부
11620101,자유한국당/경북 경주시|국회의원|김석기,85000,국회
11620101,제주특별자치도교육청|교육감|이석문,60000,정부
11620101,대통령비서실|과학기술비서관|김주한,50000,정부
11620101,국가정보원|기획조정실장|이헌수,40000,정부
11620101,서울특별시관악구|구청장|유종필,40000,정부
11620101,광주광역시의회|의원|김동찬,30000,정부
11620101,국민의당/비례대표|국회의원|김수민,20000,국회
11620101,제주특별자치도|도지사|원희룡,20000,정부
11620101,더불어민주당/충남 논산시계룡시금산군|국회의원|김종민,5100,국회
11620101,중앙선거관리위원회|상임위원|이재화,5000,선거관리위원회
11680104,금융위원회금융감독원|부원장보|박희춘,2409531,정부
11680104,외교부|대사|송영완,1460000,정부
11680104,보건복지부한국보건산업진흥원|원장|이영찬,1160000,정부
11680104,고용노동부|일반직고위공무원|신기창,1152000,정부
11680104,헌법재판소|재판관|강일원,1100000,헌법재판소
11680104,자유한국당/경북 고령군성주군칠곡군|국회의원|이완영,1080000,국회
11680104,서울특별시의회|의원|최호정,1071622,정부
11680104,자유한국당/비례대표|국회의원|김현아,1040000,국회
11680104,바른정당/서울 강남구갑|국회의원|이종구,1024000,국회
11680104,국무조정실대외경제정책연구원|원장|현정택,960000,정부
11680104,산업통상자원부한국광해관리공단|이사장|김익환,960000,정부
11680104,교육부서울대학교병원|병원장|서창석,920000,정부
11680104,경찰청부산지방경찰청|청장|허영범,716000,정부
11680104,기획재정부|기획조정실장|고형권,688000,정부
11680104,법무부|출입국‧외국인정책본부장|김우현,600000,정부
11680104,양형위원회|상임위원|이규진,600000,법원
11680104,금융위원회주택금융공사|사장|김재천,554000,정부
11680104,국방부|-|이건완,500000,정부
11680104,한국은행|감사|하성,480000,정부
11680104,경찰청|치안감|김덕섭,400000,정부
11680104,경상북도구미시|시장|남유진,380000,정부
11680104,외교부|한반도평화교섭본부장|김홍균,240000,정부
11680104,강원도|도지사|최문순,120000,정부
11680104,금융위원회한국산업은행|회장|이동걸,101069,정부
11710111,서울고등법원|부장판사|김인겸,1262000,법원
11710111,방송통신위원회|위원장|최성준,1048000,정부
11710111,서울고등법원|부장판사|홍동기,1030000,법원
11710111,서울회생법원|법원장|이경춘,936000,법원
11710111,서울고등법원|부장판사|이원범,848000,법원
11710111,서울고등법원|부장판사|김기정,832000,법원
11710111,미래창조과학부|정보통신정책실장|김용수,824000,정부
11710111,충청북도|도지사|이시종,799000,정부
11710111,바른정당/서울 송파구갑|국회의원|박인숙,791470,국회
11710111,외교부|한반도평화교섭본부장|김홍균,748000,정부
11710111,서울특별시강남구|구청장|신연희,730000,정부
11710111,대전고등법원|부장판사|차문호,657000,법원
11710111,특허법원|부장판사|김우수,657000,법원
11710111,보건복지부국민연금공단|이사장|문형표,636000,정부
11710111,경찰청강원지방경찰청|청장|최종헌,576000,정부
11710111,경상남도사천시|시장|송도근,575000,정부
11710111,외교부|의전장|최종현,554000,정부
11710111,서울특별시의회|의원|남창진,544000,정부
11710111,새만금개발청|청장|이병국,524000,정부
11710111,교육부강원대학교|부총장|최황규,439000,정부
11710111,인천지방법원|법원장|김인욱,180000,법원
11710111,기획재정부|제1차관|최상목,100000,정부
11710111,서울고등법원|부장판사|조경란,52754,법원
11140162,서울특별시의회|의원|최판술,1501000,정부
11140162,바른정당/서울 중구성동구을|국회의원|지상욱,1420000,국회
11140162,감사원|감사위원|정길영,1170000,정부
11140162,서울특별시중구|구청장|최창식,700000,정부
11140162,자유한국당/서울 동작구을|국회의원|나경원,664000,국회
11140162,서울고등법원|부장판사|김재호,664000,법원
11140162,교육부사립학교교직원연금공단|이사장|김화진,587000,정부
11140162,환경부중앙환경분쟁조정위원회|위원장|남광희,560000,정부
11140162,교육부한국교통대학교|총장|김영호,517000,정부
11140162,외교부|의전비서관|윤여철,508000,정부
11140162,서울특별시의회|의원|이혜경,506600,정부
11140162,더불어민주당/서울 은평구갑|국회의원|박주민,492000,국회
11140162,민주평화통일자문회의|사무처장|권태오,490000,정부
11140162,중소기업청|청장|주영섭,468000,정부
11140162,대검찰청|과학수사부장|김영대,400000,정부
11140162,대통령비서실|기후환경비서관|이찬희,400000,정부
11140162,보건복지부국립보건연구원|원장|박도준,296000,정부
11140162,외교부|의전장|최종현,120000,정부
11140162,외교부|제2차관|안총기,106069,정부
11140162,경기도의회|의원|정진선,60000,정부
11140162,제주특별자치도의회|의원|하민철,60000,정부
11140162,전주지방법원|법원장|장석조,50000,법원
11710102,더불어민주당/서울 동작구갑|국회의원|김병기,1792000,국회
11710102,산업통상자원부한국석유공사|상임감사위원|변윤성,1582000,정부
11710102,중앙선거관리위원회|상임위원|윤병태,1146000,선거관리위원회
11710102,외교부|대변인|조준혁,1062452,정부
11710102,서울중앙지방법원|민사제2수석부장판사|김형두,896000,법원
11710102,공정거래위원회|위원장|정재찬,864000,정부
11710102,자유한국당/부산 북구강서구을|국회의원|김도읍,856000,국회
11710102,교육부|차관|이영,824000,정부
11710102,외교부한국국제협력단|이사장|김인식,760000,정부
11710102,국세청|차장|김봉래,750000,정부
11710102,자유한국당/대구 중구남구|국회의원|곽상도,728000,국회
11710102,산업통상자원부한국가스공사|사장|이승훈,724000,정부
11710102,문화체육관광부한국관광공사|사장|정창수,709000,정부
11710102,바른정당/경기 포천시가평군|국회의원|김영우,650000,국회
11710102,서울고등법원|부장판사|한규현,630000,법원
11710102,새만금개발청|청장|이병국,600000,정부
11710102,인천광역시강화군|군수|이상복,409000,정부
11710102,헌법재판소|재판관|이진성,400000,헌법재판소
11710102,미래창조과학부한국항공우주연구원|원장|조광래,388000,정부
11710102,산업통상자원부한국지역난방공사|부사장|이기만,200624,정부
11710102,서울특별시의회|의원|진두생,125713,정부
11590107,서울특별시의회|의원|유용,2555334,정부
11590107,부산지방법원|법원장|이광만,1422000,법원
11590107,자유한국당/서울 동작구을|국회의원|나경원,950000,국회
11590107,서울고등법원|부장판사|김재호,950000,법원
11590107,국방부|장관|한민구,760000,정부
11590107,미래창조과학부기초과학연구원|원장|김두철,709000,정부
11590107,대전고등법원|부장판사|이동근,550000,법원
11590107,자유한국당/비례대표|국회의원|최연혜,536000,국회
11590107,고용노동부|장관|이기권,466000,정부
11590107,국회운영위원회|수석전문위원|한공식,460000,국회
11590107,더불어민주당/경기 광명시갑|국회의원|백재현,410000,국회
11590107,대검찰청서울고등검찰청|검사장|박성재,402000,정부
11590107,대통령비서실|과학기술비서관|김주한,356000,정부
11590107,헌법재판소|기획조정실장|임종성,353000,헌법재판소
11590107,보건복지부|인구정책실장|이동욱,334000,정부
11590107,국방부|-|박종진,323000,정부
11590107,대통령비서실|관광진흥비서관|박강섭,319000,정부
11590107,자유한국당/경남 거제시|국회의원|김한표,250000,국회
11590107,통일부|통일정책실장|김남중,230000,정부
11590107,서울특별시의회|의원|이숙자,100000,정부
11590107,자유한국당/충남 아산시갑|국회의원|이명수,59968,국회
41135103,국회|국회부의장|박주선,1216000,국회
41135103,법무부|감찰관|장인종,992000,정부
41135103,미래창조과학부대구경북과학기술원|총장|신성철,864000,정부
41135103,방위사업청|차장|문승욱,766000,정부
41135103,서울고등법원|부장판사|조영철,669000,법원
41135103,대법원|대법관|조희대,647000,법원
41135103,외교부|제2차관|안총기,549000,정부
41135103,통일부|장관|홍용표,507000,정부
41135103,더불어민주당/경기 성남시분당구을|국회의원|김병욱,500000,국회
41135103,경찰청중앙경찰학교|학교장|장향진,488000,정부
41135103,부산고등법원|수석부장판사|김형천,480000,법원
41135103,서울고등법원|부장판사|정형식,452000,법원
41135103,미래창조과학부한국전자통신연구원|원장|이상훈,444000,정부
41135103,국토교통부|제2차관|최정호,432000,정부
41135103,서울특별시|안전총괄본부장|김준기,414000,정부
41135103,전라남도의회|의원|김기태,350000,정부
41135103,미래창조과학부한국식품연구원|원장|박용곤,333000,정부
41135103,경기도의회|의원|이재석,300000,정부
41135103,국방부|-|김해석,287000,정부
41135103,보건복지부국립중앙의료원|원장|안명옥,214400,정부
41135103,중앙선거관리위원회|기획조정실장|문병길,168000,선거관리위원회
30170112,대전광역시의회|의원|박희진,9981848,정부
30170112,산림청한국임업진흥원|원장|김남균,801656,정부
30170112,청주지방법원|법원장|신귀섭,681000,법원
30170112,대전고등법원|부장판사|이승훈,576000,법원
30170112,바른정당/부산 해운대구갑|국회의원|하태경,410000,국회
30170112,더불어민주당/대전 서구을|국회의원|박범계,380000,국회
30170112,특허청특허심판원|원장|김연호,351000,정부
30170112,교육부충남대학교|부총장|강용,320000,정부
30170112,산림청|차장|김용하,257000,정부
30170112,대전광역시의회|의원|김종천,250000,정부
30170112,충청남도의회|의원|백낙구,249000,정부
30170112,관세청서울세관|세관장|노석환,199000,정부
30170112,대전광역시|정무부시장|이현주,184161,정부
30170112,통계청|차장|정규남,181000,정부
30170112,자유한국당/대전 중구|국회의원|이은권,139000,국회
30170112,미래창조과학부우체국물류지원단|이사장|유천균,135000,정부
30170112,대통령비서실|경제금융비서관|김철주,121000,정부
30170112,대전광역시의회|의원|안필응,64000,정부
30170112,미래창조과학부대구경북과학기술원|총장|신성철,30156,정부
30170112,더불어민주당/대전 유성구을|국회의원|이상민,2000,국회
11590102,자유한국당/경남 창원시진해구|국회의원|김성찬,740000,국회
11590102,대법원|대법원장비서실장|설범식,698000,법원
11590102,서울특별시서울시립대학교|총장|원윤희,650000,정부
11590102,서울행정법원|수석부장판사|이진만,650000,법원
11590102,식품의약품안전처|차장|유무영,635000,정부
11590102,국가인권위원회|상임위원|이경숙,605000,정부
11590102,미래창조과학부우정사업본부|본부장|김기덕,490000,정부
11590102,한국은행|총재|이주열,482000,정부
11590102,산업통상자원부한국광물자원공사|상임감사위원|김현장,453000,정부
11590102,국가보훈처독립기념관|관장|윤주경,392000,정부
11590102,부산고등법원|부장판사|권순형,384000,법원
11590102,서울특별시동작구|구청장|이창우,320000,정부
11590102,자유한국당/경기 화성시갑|국회의원|서청원,307000,국회
11590102,국무조정실|국무조정실장|이석준,300000,정부
11590102,경상북도의회|의원|박영서,266589,정부
11590102,강원도정선군|군수|전정환,200000,정부
11590102,서울특별시의회|의원|최영수,132000,정부
11590102,산업통상자원부한국지역난방공사|상임감사위원|최회원,50000,정부
11590102,자유한국당/대전 중구|국회의원|이은권,20000,국회
11590102,부산지방법원|수석부장판사|박종훈,10000,법원
36110106,산업통상자원부|산업기반실장|도경환,411600,정부
36110106,세종특별자치시의회|의원|안찬영,384168,정부
36110106,통계청|청장|유경준,356000,정부
36110106,울산광역시|경제부시장|오규택,332000,정부
36110106,국무조정실|국정운영실장|최병환,313000,정부
36110106,국무조정실한국조세재정연구원|원장|박형수,310000,정부
36110106,대검찰청의정부지방검찰청|검사장|조희진,303000,정부
36110106,문화체육관광부|제1차관|송수근,303000,정부
36110106,대통령비서실|고용노동비서관|이성희,262000,정부
36110106,기획재정부|지역발전기획단장|송병선,260000,정부
36110106,세종특별자치시|감사위원회위원장|장진복,255000,정부
36110106,행정자치부국가기록원|원장|이상진,232000,정부
36110106,보건복지부|기획조정실장|권덕철,225037,정부
36110106,기획재정부|민관합동창조경제추진단장|조봉환,212000,정부
36110106,서울특별시의회|의원|김문수,161000,정부
36110106,인사혁신처국가공무원인재개발원|원장|옥동석,160000,정부
36110106,국토교통부한국공항공사|부사장|윤왕로,58008,정부
36110106,행정중심복합도시건설청|차장|안시권,50000,정부
36110106,세종특별자치시의회|의원|윤형권,20000,정부
36110110,심재철부의장실|수석비서관|이호영,750000,국회
36110110,국토교통부한국철도공사|부사장|유재영,385000,정부
36110110,고용노동부|일반직고위공무원|신기창,296100,정부
36110110,부산광역시|경제부시장|김규옥,291000,정부
36110110,국무조정실|국무2차장|노형욱,283142,정부
36110110,농촌진흥청|청장|정황근,280000,정부
36110110,해양수산부국립수산과학원|원장|강준석,280000,정부
36110110,국토교통부|기획조정실장|손병석,241000,정부
36110110,경상남도의회|의원|이성애,230000,정부
36110110,농림축산식품부축산물품질평가원|원장|백종호,229000,정부
36110110,한국은행금융통화위원회|위원|조동철,68778,정부
36110110,충청남도의회|의원|장기승,67619,정부
36110110,산업통상자원부|산업정책실장|강성천,40000,정부
36110110,국무조정실|규제조정실장|강영철,10000,정부
36110110,보건복지부|인구정책실장|이동욱,5000,정부
36110110,교육부|기획조정실장|이기봉,3000,정부
36110110,교육부|대학정책실장|배성근,3000,정부
36110110,교육부교원소청심사위원회|위원장|이근우,3000,정부
36110110,산업통상자원부|무역투자실장|채희봉,3000,정부
11215105,국민권익위원회|부위원장|박경호,1150000,정부
11215105,교육부|부총리겸장관|이준식,955828,정부
11215105,금융위원회한국산업은행|회장|이동걸,944000,정부
11215105,자유한국당/강원 춘천시|국회의원|김진태,850000,국회
11215105,감사원|감사위원|유진희,623000,정부
11215105,서울고등법원|부장판사|권기훈,550000,법원
11215105,의정부지방법원|법원장|정종관,500000,법원
11215105,문화재청|차장|박영근,469000,정부
11215105,서울특별시의회|의원|박래학,451000,정부
11215105,바른정당/충남 홍성군예산군|국회의원|홍문표,365000,국회
11215105,대통령경호실|경호실장|박흥렬,307000,정부
11215105,금융위원회예금보험공사|사장|곽범국,296000,정부
11215105,금융위원회금융감독원|부원장|박세춘,288000,정부
11215105,경상북도울릉군|군수|최수일,270000,정부
11215105,국민의당/전남 여수시갑|국회의원|이용주,168000,국회
11215105,강원도의회|의원|김성근,120000,정부
11215105,더불어민주당/서울 광진구을|국회의원|추미애,30000,국회
11215105,산림청|청장|신원섭,15000,정부
11470101,국민안전처|남해해양경비안전본부장|김두석,1000000,정부
11470101,산업통상자원부한국남동발전(주)|상임감사위원|최상화,922000,정부
11470101,국무총리비서실|민정실장|이태용,717000,정부
11470101,교육부|부총리겸장관|이준식,677000,정부
11470101,국회사무처|국회입법차장|진정구,610000,국회
11470101,산업통상자원위원회|수석전문위원|김병선,591944,국회
11470101,국무조정실|사회조정실장|임찬우,547000,정부
11470101,인천광역시경제자유구역청|청장|이영근,544070,정부
11470101,서울특별시의회|의원|김혜련,484000,정부
11470101,행정자치부|지방행정실장|심덕섭,400000,정부
11470101,문화체육관광부한국저작권위원회|위원장|임원선,375000,정부
11470101,바른정당/서울 양천구을|국회의원|김용태,367000,국회
11470101,대통령비서실|고용노동비서관|이성희,336000,정부
11470101,서울특별시양천구|구청장|김수영,305964,정부
11470101,국방부|-|장재환,288000,정부
11470101,산업통상자원부한국원자력환경공단|이사장|이종인,108000,정부
11470101,서울특별시의회|의원|김희걸,50000,정부
11470101,더불어민주당/서울 양천구갑|국회의원|황희,20000,국회
41173102,대통령비서실|보건복지비서관|김진수,1612302,정부
41173102,자유한국당/경북 포항시남구울릉군|국회의원|박명재,579000,국회
41173102,서울고등법원|부장판사|노정희,577000,법원
41173102,금융위원회금융감독원|부원장보|김영기,528000,정부
41173102,농림축산식품부|차관|이준원,500000,정부
41173102,관세청대구세관|세관장|윤이근,405000,정부
41173102,경기도의회|의장|정기열,328000,정부
41173102,울산광역시|경제부시장|오규택,322000,정부
41173102,산업통상자원부|산업기반실장|도경환,280000,정부
41173102,미래창조과학부|제1차관|홍남기,239700,정부
41173102,강원도인제군|군수|이순선,210000,정부
41173102,중앙선거관리위원회|(전)상임위원|이성룡,177000,선거관리위원회
41173102,더불어민주당/비례대표|국회의원|이재정,142620,국회
41173102,충청북도진천군|군수|송기섭,123741,정부
41173102,교육부경상대학교|총장|이상경,104087,정부
41173102,농촌진흥청|청장|정황근,100000,정부
41173102,전라북도군산시|시장|문동신,63000,정부
41173102,제주특별자치도의회|의원|홍경희,10000,정부
36110111,방위사업청국방과학연구소|소장|김인호,443000,정부
36110111,문화체육관광부2018평창동계올림픽조|원회직위기획조정실장|김기홍,280000,정부
36110111,원자력안전위원회|사무처장|최종배,280000,정부
36110111,국민안전처|소방조정관|조종묵,273457,정부
36110111,행정중심복합도시건설청|청장|이충재,268757,정부
36110111,세종특별자치시의회|의원|김복렬,230000,정부
36110111,농림축산식품부|차관보|김현수,228000,정부
36110111,세종특별자치시의회|의장|고준일,226000,정부
36110111,국민권익위원회|상임위원|김대희,220000,정부
36110111,환경부중앙환경분쟁조정위원회|위원장|남광희,216000,정부
36110111,국무조정실|국무1차장|오균,187636,정부
36110111,해양수산부|차관|윤학배,186340,정부
36110111,금융위원회금융정보분석원|원장|유광열,159000,정부
36110111,문화체육관광부|제2차관|유동훈,154000,정부
36110111,국무총리비서실|정무실장|이종성,146000,정부
36110111,해양수산부선박안전기술공단|이사장|목익수,109367,정부
36110111,금융위원회금융감독원|원장|진웅섭,35800,정부
36110111,충청북도의회|의원|강현삼,12800,정부
11680108,고용노동부|차관|고영선,2248723,정부
11680108,국민권익위원회|부위원장|이상민,2000000,정부
11680108,법무부|검찰국장|안태근,1541410,정부
11680108,헌법재판소|사무처장|김용헌,1370000,헌법재판소
11680108,국민안전처|해양경비안전본부장|홍익태,881800,정부
11680108,경기도|국제관계대사|김상일,698000,정부
11680108,기획재정부한국투자공사|사장|은성수,681562,정부
11680108,서울특별시의회|부의장|김진수,566000,정부
11680108,문화체육관광부국제방송교류재단|사장|문재완,508000,정부
11680108,법원행정처|사법지원실장|홍승면,285565,법원
11680108,농림축산식품부|장관|김재수,163199,정부
11680108,자유한국당/인천 남구을|국회의원|윤상현,113422,국회
11680108,서울특별시의회|의원|이석주,113238,정부
11680108,보건복지부국립중앙의료원|원장|안명옥,110590,정부
11680108,식품의약품안전처식품의약품안전평가원|원장|손여원,103028,정부
11680108,강원도의회|의원|심영곤,100000,정부
11680108,서울특별시의회|의원|김창원,20000,정부
11410117,더불어민주당/서울 구로구을|국회의원|박영선,873000,국회
11410117,교육부부산대학교|부총장|오석근,735000,정부
11410117,서울특별시서대문구|구청장|문석진,729000,정부
11410117,더불어민주당/서울 서대문구갑|국회의원|우상호,389000,국회
11410117,대통령비서실|통일비서관|김기웅,327000,정부
11410117,서울특별시의회|의원|박운기,323000,정부
11410117,헌법재판소|헌법재판연구원장|전광석,290000,헌법재판소
11410117,서울특별시의회|의원|신원철,219000,정부
11410117,자유한국당/비례대표|국회의원|김종석,193750,국회
11410117,국방부|-|김완태,100000,정부
11410117,서울특별시의회|의원|유동균,50000,정부
11410117,교육부청주교육대학교|총장|윤건영,20000,정부
11410117,더불어민주당/비례대표|국회의원|제윤경,20000,국회
11410117,국방부|-|김영식,10000,정부
11410117,대전고등법원|수석부장판사|허용석,10000,법원
11410117,제주지방법원|법원장|최인석,10000,법원
11410117,식품의약품안전처|처장|손문기,5000,정부
11710107,법원행정처|사법정책실장|심준보,780000,법원
11710107,개인정보보호위원회|상임위원|임채호,662532,정부
11710107,금융위원회|상임위원|손병두,580122,정부
11710107,산업통상자원부한국중부발전(주)|사장|정창길,536000,정부
11710107,헌법재판소|재판관|이진성,513000,헌법재판소
11710107,국가정보원|원장|이병호,482000,정부
11710107,더불어민주당/서울 송파구병|국회의원|남인순,460000,국회
11710107,부산광역시|국제관계대사|홍성화,451302,정부
11710107,행정자치부|전직대통령비서관|장다사로,420000,정부
11710107,대전광역시|행정부시장|송석두,373000,정부
11710107,경상남도사천시|시장|송도근,364000,정부
11710107,통일부북한이탈주민지원재단|이사장|손광주,326000,정부
11710107,방송통신위원회|상임위원|이기주,318990,정부
11710107,미래창조과학부한국항공우주연구원|원장|조광래,186000,정부
11710107,인사혁신처|처장|김동극,100000,정부
11710107,외교부|정책조정비서관|이정규,26710,정부
41290109,산업통상자원부한국산업단지공단|이사장|황규연,1178000,정부
41290109,전라남도장성군|군수|유두석,1021000,정부
41290109,금융위원회금융감독원|부원장|김수일,878335,정부
41290109,농림축산식품부|장관|김재수,601000,정부
41290109,국토교통부|장관|강호인,596000,정부
41290109,농림축산식품부농림수산식품교육문화정보원|원장|박철수,582000,정부
41290109,문화체육관광부국립국어원|원장|송철의,582000,정부
41290109,국토교통부한국감정원|원장|서종대,581000,정부
41290109,국무조정실|경제조정실장|성윤모,553000,정부
41290109,공정거래위원회한국소비자원|원장|한견표,541000,정부
41290109,세종특별자치시|시장|이춘희,541000,정부
41290109,국회|(전)국회의원|김종인,535500,국회
41290109,행정중심복합도시건설청|청장|이충재,500000,정부
41290109,대통령비서실|중소기업비서관|정윤모,436000,정부
41290109,금융위원회금융감독원|부원장|서태종,310000,정부
11680114,국민의당/광주 동구남구갑|국회의원|장병완,936000,국회
11680114,방송통신위원회|상임위원|이기주,904000,정부
11680114,국민의당/비례대표|국회의원|박주현,848062,국회
11680114,바른정당/울산 울주군|국회의원|강길부,761000,국회
11680114,충청남도태안군|군수|한상기,760000,정부
11680114,중소기업청|청장|주영섭,700000,정부
11680114,서울가정법원|수석부장판사|이은애,661000,법원
11680114,서울행정법원|수석부장판사|이진만,645000,법원
11680114,대통령비서실|민원비서관|최태현,631000,정부
11680114,서울특별시의회|의원|김현기,631000,정부
11680114,보건복지부한국보육진흥원|원장|서문희,529000,정부
11680114,대통령비서실|재난안전비서관|김계조,480000,정부
11680114,국회|국회부의장|박주선,302567,국회
11680114,서울고등법원|부장판사|민중기,250000,법원
11680114,서울특별시|소방재난본부장|권순경,94500,정부
11215103,미래창조과학부한국원자력의학원|원장|최창운,3906899,정부
11215103,더불어민주당/서울 광진구을|국회의원|추미애,715000,국회
11215103,산업통상자원부한국남부발전(주)|사장|윤종근,600000,정부
11215103,금융위원회금융감독원|부원장보|천경미,572000,정부
11215103,경상북도의회|의원|이운식,565000,정부
11215103,외교부|다자외교조정관|최종문,412205,정부
11215103,강원도고성군|군수|윤승근,336000,정부
11215103,더불어민주당/경기 부천시소사구|국회의원|김상희,200000,국회
11215103,서울고등법원|부장판사|조해현,167200,법원
11215103,서울특별시의회|의원|김선갑,80000,정부
11215103,산업통상자원부한국지역난방공사|사장|김경원,56344,정부
11215103,자유한국당/강원 동해시삼척시|국회의원|이철규,43324,국회
11215103,자유한국당/서울 동작구을|국회의원|나경원,42419,국회
11215103,서울고등법원|부장판사|김재호,42419,법원
11215103,더불어민주당/경기 구리시|국회의원|윤호중,30000,국회
11560115,서울고등법원|부장판사|윤성근,880000,법원
11560115,감사원|기획조정실장|이익형,663000,정부
11560115,더불어민주당/경남 김해시갑|국회의원|민홍철,630000,국회
11560115,중소기업청중소기업진흥공단|이사장|임채운,620000,정부
11560115,문화체육관광부|국민소통실장|박영국,574000,정부
11560115,교육부충북대학교병원|병원장|조명찬,535000,정부
11560115,경찰청|외사국장|이주민,500000,정부
11560115,서울특별시의회|의원|김정태,421000,정부
11560115,대전고등법원|수석부장판사|허용석,300000,법원
11560115,보건복지부국립암센터|원장|이강현,268272,정부
11560115,금융위원회금융감독원|부원장보|류찬우,265000,정부
11560115,경상남도김해시|시장|허성곤,206330,정부
11560115,중앙선거관리위원회|선거정책실장|김세환,155004,선거관리위원회
11560115,자유한국당/충북 보은군옥천군영동군괴산군|국회의원|박덕흠,75822,국회
11560115,더불어민주당/대전 서구을|국회의원|박범계,10000,국회
41135114,국민의당/비례대표|국회의원|이상돈,622000,국회
41135114,서울고등법원|부장판사|여상훈,422000,법원
41135114,기획재정부|국제경제관리관|송인창,360000,정부
41135114,미래창조과학부한국전자통신연구원|원장|이상훈,330000,정부
41135114,서울고등법원|부장판사|김승표,310000,법원
41135114,서울고등법원|부장판사|김용대,301159,법원
41135114,교육부서울대학교치과병원|병원장|허성주,286672,정부
41135114,국가보훈처한국보훈복지의료공단|이사장|김옥이,252136,정부
41135114,국민의당/비례대표|국회의원|김삼화,235000,국회
41135114,서울고등법원|부장판사|정형식,209445,법원
41135114,중앙선거관리위원회|상임위원|이계형,190000,선거관리위원회
41135114,고용노동부한국산업인력공단|이사장|박영범,183612,정부
41135114,외교부|아프가니스탄.파키스탄특별대표|최홍기,169570,정부
41135114,경기도의회|의원|김지환,132000,정부
41135114,서울특별시의회|부의장|김진수,99101,정부
26350105,바른정당/부산 사상구|국회의원|장제원,1851239,국회
26350105,자유한국당/부산 해운대구을|국회의원|배덕광,1006200,국회
26350105,부산광역시강서구|구청장|노기태,597000,정부
26350105,부산고등법원|부장판사|구남수,482000,법원
26350105,해양수산부한국어촌어항협회|이사장|류청로,459653,정부
26350105,대구고등법원|부장판사|김문관,450000,법원
26350105,외교부|대사|이욱헌,400000,정부
26350105,부산광역시|시장|서병수,336000,정부
26350105,울산광역시|시장|김기현,264000,정부
26350105,부산광역시의회|의원|전진영,232202,정부
26350105,부산광역시의회|의원|신정철,210000,정부
26350105,대통령비서실|뉴미디어정책비서관|최형우,163000,정부
26350105,부산고등법원|부장판사|권순형,48307,법원
26350105,부산광역시의회|의원|정동만,24900,정부
11200107,국무조정실한국보건사회연구원|원장|김상호,520000,정부
11200107,더불어민주당/서울 중구성동구갑|국회의원|홍익표,514650,국회
11200107,서울특별시의회|의원|김기대,512000,정부
11200107,여성가족부한국건강가정진흥원|이사장|김태석,470000,정부
11200107,농림축산식품부농림수산식품기술기획평가원|원장|오경태,468000,정부
11200107,국회도서관|국회도서관장|이은철,465450,국회
11200107,보건복지부한국보건복지인력개발원|원장|최영현,439000,정부
11200107,미래창조과학부광주과학기술원|총장|문승현,423000,정부
11200107,경찰청경기남부지방경찰청|청장|김양제,390000,정부
11200107,서울특별시성동구|구청장|정원오,388000,정부
11200107,외교부한국국제교류재단|이사장|이시형,376000,정부
11200107,자유한국당/경기 하남시|국회의원|이현재,361184,국회
11200107,서울고등법원|부장판사|이영진,361000,법원
11200107,대전고등법원|부장판사|이승한,155000,법원
41281128,미래창조과학부대구경북과학기술원|총장|신성철,560219,정부
41281128,충청남도충남도립대학교|총장|구본충,519000,정부
41281128,경찰청전남지방경찰청|청장|강성복,498000,정부
41281128,국민의당/비례대표|국회의원|이태규,450000,국회
41281128,인사혁신처|차장|박제국,420000,정부
41281128,더불어민주당/경기 고양시을|국회의원|정재호,385000,국회
41281128,경기도의회|의원|민경선,300000,정부
41281128,경기도고양시|시장|최성,272000,정부
41281128,국민권익위원회|부위원장겸사무처장|김인수,265000,정부
41281128,자유한국당/대전 대덕구|국회의원|정용기,218000,국회
41281128,서울특별시|여성가족정책실장|엄규숙,198024,정부
41281128,서울고등법원|부장판사|김대웅,198000,법원
41281128,국방부|-|김영식,151000,정부
41281128,더불어민주당/경기 화성시을|국회의원|이원욱,104500,국회
11215104,금융위원회|상임위원|김학균,952000,정부
11215104,교육부국립대학법인인천대학교|총장|조동성,920000,정부
11215104,서울특별시의회|의원|이명희,792000,정부
11215104,금융위원회금융감독원|부원장보|권순찬,680000,정부
11215104,자유한국당/강원 동해시삼척시|국회의원|이철규,637000,국회
11215104,자유한국당/경북 영천시청도군|국회의원|이만희,628000,국회
11215104,대검찰청|반부패부장|박정식,508000,정부
11215104,경상남도의회|의원|김지수,500000,정부
11215104,더불어민주당/부산 부산진구갑|국회의원|김영춘,421000,국회
11215104,대검찰청|공판송무부장|김해수,400000,정부
11215104,서울특별시광진구|구청장|김기동,395000,정부
11215104,강원도횡성군|군수|한규호,295000,정부
11215104,서울특별시의회|의원|문종철,268000,정부
41135107,국가보훈처독립기념관|관장|윤주경,869479,정부
41135107,경기도의회|의원|방성환,576796,정부
41135107,특허청특허심판원|원장|김연호,443000,정부
41135107,국가정보원|제1차장|김진섭,433000,정부
41135107,서울특별시|안전총괄본부장|김준기,392000,정부
41135107,대법원|대법관|박보영,300000,법원
41135107,법원행정처|기획조정실장|이민걸,293000,법원
41135107,국민안전처|장관|박인용,234000,정부
41135107,교육부강원대학교|부총장|이현창,232000,정부
41135107,국토교통부한국토지주택공사|부사장겸기획재무본부장|송태호,170000,정부
41135107,인천광역시강화군|군수|이상복,62605,정부
41135107,산업통상자원부한국전기안전공사|사장|이상권,35461,정부
41135107,더불어민주당/경기 성남시분당구갑|국회의원|김병관,30000,국회
41590127,국민의당/광주 광산구을|국회의원|권은희,631181,국회
41590127,더불어민주당/대전 유성구을|국회의원|이상민,584860,국회
41590127,경기도의회|의원|조광명,550000,정부
41590127,방송통신위원회한국교육방송공사|사장|우종범,362000,정부
41590127,전라남도의회|의원|김광준,360000,정부
41590127,충청남도|정무부지사|허승욱,340000,정부
41590127,중앙선거관리위원회|상임위원|이계형,292000,선거관리위원회
41590127,더불어민주당/경기 화성시을|국회의원|이원욱,260000,국회
41590127,중앙선거관리위원회|상임위원|박세각,249000,선거관리위원회
41590127,산업통상자원부한국광해관리공단|이사장|김익환,147974,정부
41590127,제주특별자치도의회|의원|강익자,100000,정부
41590127,전라북도완주군|군수|박성일,95000,정부
41590127,경상북도의회|의원|남진복,84000,정부
11350106,더불어민주당/서울 노원구을|국회의원|우원식,1029124,국회
11350106,국민의당/비례대표|국회의원|이동섭,614461,국회
11350106,조달청|차장|지순구,415000,정부
11350106,대구광역시|시장|권영진,392000,정부
11350106,경기도의회|의원|양근서,264000,정부
11350106,서울특별시의회|의원|오승록,245000,정부
11350106,행정자치부|장관|홍윤식,198583,정부
11350106,고용노동부한국장애인고용공단|이사장|박승규,162000,정부
11350106,교육부서울과학기술대학교|부총장|박익근,157000,정부
11350106,보건복지부오송첨단의료산업진흥재단|이사장|선경,156000,정부
11350106,국방부|-|장경석,140000,정부
11350106,서울특별시의회|의원|김생환,121000,정부
11350106,경찰청광주지방경찰청|청장|이기창,100000,정부
41173104,경기도의회|의원|송순택,549000,정부
41173104,경기도의회|의원|명상욱,457000,정부
41173104,산업통상자원부|통상차관보|이인호,448000,정부
41173104,경상북도안동시|시장|권영세,375000,정부
41173104,고용노동부서울지방노동위원회|위원장|임무송,352000,정부
41173104,국회|국회부의장|심재철,330000,국회
41173104,중앙선거관리위원회|상임위원|추형관,302000,선거관리위원회
41173104,기획재정부|민관합동창조경제추진단장|조봉환,286000,정부
41173104,중앙선거관리위원회|상임위원|박세각,246000,선거관리위원회
41173104,인천광역시의회|의원|최석정,227000,정부
41173104,미래창조과학부한국철도기술연구원|원장|김기환,215000,정부
41173104,경기도의회|의원|정윤경,31000,정부
41173104,경기도의회|의원|박근철,10000,정부
36110114,광주광역시북구|구청장|송광운,296180,정부
36110114,세종특별자치시의회|의원|김원식,288730,정부
36110114,행정중심복합도시건설청|청장|이충재,272278,정부
36110114,자유한국당/비례대표|국회의원|김승희,252000,국회
36110114,환경부|차관|이정섭,251000,정부
36110114,고용노동부|기획조정실장|박종길,234000,정부
36110114,문화체육관광부|국민소통실장|박영국,219000,정부
36110114,기획재정부한국투자공사|사장|은성수,181000,정부
36110114,교육부|학교정책실장|금용한,160000,정부
36110114,자유한국당/경남 창원시의창구|국회의원|박완수,90000,국회
36110114,더불어민주당/세종 세종|국회의원|이해찬,30000,국회
36110114,인사혁신처소청심사위원회|상임위원|황서종,20000,정부
36110114,국무조정실|경제조정실장|성윤모,5000,정부
11200113,교육부서울대학교치과병원|병원장|허성주,1024000,정부
11200113,외교부|장관|윤병세,900000,정부
11200113,산업통상자원부한국무역보험공사|사장|김영학,837000,정부
11200113,국토교통위원회|수석전문위원|김수흥,830000,국회
11200113,서울고등법원|부장판사|최상열,732000,법원
11200113,외교부|재외동포영사대사|한동만,606000,정부
11200113,기획재정부한국투자공사|사장|은성수,550000,정부
11200113,외교부|아프가니스탄.파키스탄특별대표|최홍기,504000,정부
11200113,법제처|차장|황상철,491000,정부
11200113,자유한국당/비례대표|국회의원|유민봉,479000,국회
11200113,자유한국당/비례대표|국회의원|김종석,456000,국회
11200113,경찰청경찰대학|학장|서범수,70000,정부
11710109,인사혁신처소청심사위원회|상임위원|오동호,797500,정부
11710109,국세청중부지방국세청|청장|심달훈,731700,정부
11710109,행정자치부국가기록원|원장|이상진,720000,정부
11710109,해양수산부|차관|윤학배,663500,정부
11710109,국가안보실|사이버안보비서관|이재성,660000,정부
11710109,여성가족부|기획조정실장|이기순,660000,정부
11710109,서울특별시의회|의원|최조웅,642000,정부
11710109,국토교통부한국공항공사|부사장|윤왕로,636000,정부
11710109,경기도의회|의원|김지환,588000,정부
11710109,더불어민주당/비례대표|국회의원|이용득,449790,국회
11710109,경찰청충남지방경찰청|청장|김재원,350000,정부
11710109,경기도의회|의원|최춘식,255000,정부
